﻿,Unnamed: 0,Unnamed: 0.1,학번,학생소속대학명,학생교육부계열,성별,입학과정,학적,학과,전공,전공교수,rec014_nation_cd,과정,수료년도,수료학기,rec014_birth_dt,졸업년도,졸업학기,gpa,rec014_school_term,인건비총액,서류점수,면접점수,학부출신,대학원출신,월별인건비
0,0,28,AAFuoQg8VqL0bhyQcXazSyiD,정경대학,인문·사회,1,정원내신입학,졸업,경제학과,계량경제학전공,AAHWm3KrWZ5oxJSX8Qdd4FfT,korean,석·박사통합과정,2019,1R,19811109,2020,1R,4.44,8,47000000,83.6,10,타교,,979167
1,1,65,AAESWBSt0iT844A5hptIbsRT,생명과학대학,자연과학,2,학연산협동과정,졸업,생명공학과,의약나노바이오시스템전공,AAEO7eR3iF66glPgIUiw8Cp7,korean,석·박사통합과정,2019,2R,19900325,2020,1R,4.42,7,,45,46.1,타교,,0
2,2,103,AAGbN0WO9yHl9Bk6GcgNB+fN,이과대학,자연과학,1,정원내신입학,졸업,화학과,무기화학전공,AAEIBOJNWOLrJFF534LqW3Il,korean,석·박사통합과정,2018,1R,19910201,2020,1R,4.36,10,74500000,42,50,자교,,1241667
3,3,122,AAHAsJVv6TMImBEIos+p9QQl,공과대학,공학,2,학연산협동과정,졸업,전기전자공학과,반도체 및 나노전공,AAFAdiRzimzpkLB6/eFLLRaK,korean,석·박사통합과정,2018,1R,19910210,2020,1R,4.19,10,,46.5,48.1,타교,,0
4,4,154,AAG7ZKcblk0SWOi/ZRccZCTW,생명과학대학,자연과학,2,정원내신입학,졸업,생명공학과,분자생체공학전공,AAGHKhtTRVM2izkG1lKId0XM,korean,석·박사통합과정,2019,1R,19930904,2020,1R,4.33,8,69910000,40,49.6,자교,,1456458
5,5,262,AAF46cQgBR3CIhu/r0U0yD2r,정보대학,공학,1,정원내신입학,졸업,컴퓨터·전파통신공학과,컴퓨터학전공,AAHW/nJYEE7Q/Lg+jCWZCS2V,korean,석·박사통합과정,2019,1R,19930413,2020,1R,4.32,8,50945000,46.5,46.7,자교,,1061354
6,6,336,AAEiAunrnqSCyl67BuCtViIO,의과대학,자연과학,2,정원내신입학,졸업,의과학과,의생명과학전공,AAGBU0/Z6RmwgLjNpm+x0e0R,korean,석·박사통합과정,2020,1R,19910409,2020,1R,4.31,8,35650000,42.33,46.67,타교,,742708
7,7,338,AAFt2Ih4hbas8HWBH70ZK/Kx,공과대학,공학,1,정원내신입학,졸업,전기전자공학과,반도체 및 나노전공,AAFAdiRzimzpkLB6/eFLLRaK,korean,석·박사통합과정,2019,2R,19910930,2020,1R,4.17,8,,39.3,38.1,타교,,0
8,8,346,AAEtXDclBtE4/D+7Bhaaar7p,공과대학,공학,1,정원내신입학,졸업,전기전자공학과,반도체 및 나노전공,AAFAdiRzimzpkLB6/eFLLRaK,korean,석·박사통합과정,2019,1R,19910810,2020,1R,4.44,8,61720638,45.9,42.9,자교,,1285847
9,9,362,AAGWyGcFhDoNF1AhCrWmbNfJ,보건과학대학,자연과학,1,정원내신입학,졸업,보건과학과,재활과학전공,AAExmaXh+bM09DJG7eJRPwz+,korean,석·박사통합과정,2018,1R,19890802,2020,1R,4.16,10,38048987,41.2,41.2,타교,,634150
10,10,377,AAETdkBJMPq8RdEhU1hz1hCW,보건과학대학,자연과학,2,정원내신입학,졸업,보건과학과,환경보건학전공,AAHq1aLSiveQarv1QuOmgge9,korean,석·박사통합과정,2018,1R,19890301,2020,1R,4.31,10,136183404,47,46.2,자교,,2269723
11,11,381,AAFQAXiJRLYV9jhshEfBthoi,공과대학,공학,1,정원내신입학,졸업,마이크로/나노시스템협동과정,마이크로/나노시스템협동과정전공,AAFAdiRzimzpkLB6/eFLLRaK,korean,석·박사통합과정,2018,1R,19900817,2020,1R,4.06,10,77936000,42,43,자교,,1298933
12,12,403,AAFRGdJwIVydeCaCnzjeI8wp,공과대학,공학,2,정원내신입학,졸업,신소재공학과,신소재공학전공,AAFi4juzPESAU71QzFVv2xel,korean,석·박사통합과정,2018,1R,19911029,2020,1R,4.39,10,114520000,57,38,자교,,1908667
13,13,786,AAF6OkhXqfriyj6es1UnpDTU,공과대학,공학,1,편입학통합(4학기),졸업,신소재공학과,신소재공학전공,AAG/JVT6xluE6DbNm+mre8iq,korean,석·박사통합과정,2016,2R,19820301,2017,1R,4.14,7,,49,39,타교,,0
14,14,2336,AAERPnDIXeS0PahOUMQZu+xX,공과대학,공학,1,정원내신입학,졸업,화공생명공학과,화공생명공학전공,AAHgUVNRwv/2JnLflHfEFa8n,korean,석·박사통합과정,2018,1R,19920824,2019,1R,4,8,68509388,50,33.5,자교,,1427279
15,15,2386,AAE8oJMfQOuZeq331sVjGA2A,의과대학,자연과학,1,정원내신입학,졸업,의과학과,의생명과학전공,AAFyo3p3/9xGKpqfbRvY3Cnc,korean,석·박사통합과정,2018,1R,19890930,2019,1R,4.08,8,23760000,39.7,41.3,타교,,495000
16,16,2408,AAFNvUe0kLmgAf9Men/DupBq,공과대학,공학,1,편입학석사(3학기),졸업,신소재공학과,신소재공학전공,AAG/JVT6xluE6DbNm+mre8iq,korean,석·박사통합과정,2017,1R,19881113,2019,1R,4.42,10,,49,49,타교,타교,0
17,17,2422,AAFe3WimdzecPDdYw9kO0keL,의과대학,자연과학,1,정원내신입학,졸업,의과학과,의생명과학전공,AAGkVBKBzv2aeOZzyQKVclmV,korean,석·박사통합과정,2018,1R,19890630,2019,1R,4.18,8,75737200,35.6,39.6,타교,,1577858
18,18,2437,AAHgfhnMou2UKxaRoAgWXmQC,의과대학,자연과학,2,정원내신입학,졸업,의과학과,의생명과학전공,AAGBU0/Z6RmwgLjNpm+x0e0R,korean,석·박사통합과정,2018,1R,19920715,2019,1R,4.11,8,41830000,41,44.7,타교,,871458
19,19,2441,AAHeAJT8IYE9tghE5xR1Fp0j,공과대학,공학,1,정원외-계약학과,졸업,나노반도체공학과,나노반도체재료및소자전공,AAFOnXyI9jipyy9a/FKtt3pd,korean,석·박사통합과정,2018,1R,19900805,2020,1R,4.36,10,40226000,48,45,자교,,670433
20,20,2565,AAHhbsVjIe6Ui1lDAHMXH7ku,공과대학,공학,1,정원내신입학,졸업,전기전자공학과,반도체 및 나노전공,AAFAdiRzimzpkLB6/eFLLRaK,korean,석·박사통합과정,2018,1R,19900508,2019,1R,4.25,8,,44.5,43.9,타교,,0
21,21,2704,AAHknR4lR4XgWKk9K+18R7sv,보건과학대학,자연과학,2,정원내신입학,졸업,보건과학과,치의기공학전공,AAGC3gcuN8Uq3ar2WyQ3GHyR,korean,석·박사통합과정,2018,2R,19911018,2018,2R,4.08,6,,42.2,41.6,타교,,0
22,22,2899,AAEU2Bkrnr9uXJ/msVlBPfnr,보건과학대학,자연과학,1,정원내신입학,졸업,보건과학과,치의기공학전공,AAEy0Hc2OmGBaWLjj4QHno00,korean,석·박사통합과정,2019,1R,19901127,2019,1R,4.19,6,26619160,42,47,타교,,739421
23,23,2977,AAGLQjW9tK7XA9OBA+UOwYuA,법과대학,인문·사회,2,정원내신입학,졸업,법학과,상법전공,AAGy0qCzwwAtJbn7rcwu3s9c,korean,석·박사통합과정,2018,1R,19880726,2019,1R,4.48,8,7525000,36.7,53,타교,타교,156771
24,24,3169,AAGTW1Qwphzw3bxehIv24tpb,공과대학,공학,1,정원외-계약학과,졸업,IT융합학과,IT융합전공,AAEjhMsY958qKCUYKbgm7g0N,korean,석·박사통합과정,2018,1R,19890401,2020,1R,4.28,10,98320000,47.33,46,자교,,1638667
25,25,3246,AAEu5d6Sjc3CDvBijOKhFSRB,공과대학,공학,1,정원내신입학,졸업,전기전자공학과,컴퓨터공학전공,AAG1z8MOPsG4V/wTjh0NmDLJ,korean,석·박사통합과정,2018,1R,19911024,2020,1R,4.19,10,118313449,41.8,41.7,자교,,1971891
26,26,3326,AAGlDaAMgMUlvSmWfxX9QwrO,의과대학,자연과학,1,정원내신입학,졸업,의과학과,의생명과학전공,AAGTZA9ZLvG4wSpgip+nEQ/A,korean,석·박사통합과정,2018,1R,19890823,2019,2R,4.13,9,54040000,40.6,38.6,타교,,1000741
27,27,3327,AAHEb4TbhR6zEOeFqr/H4ceq,공과대학,공학,1,정원내신입학,졸업,건축사회환경공학과,사회인프라전공,AAG/k5m8JyuxBPC7I/vkq0VW,korean,석·박사통합과정,2018,1R,19881120,2019,2R,4.08,9,126071418,49.33,46.33,자교,,2334656
28,28,3351,AAF66KUmohufBRje1z1TawWp,의과대학,자연과학,2,정원내신입학,졸업,의과학과,의생명과학전공,AAE7JuCc+UnkjcqjezUMl8Fl,korean,석·박사통합과정,2018,2R,19920123,2019,2R,4.28,8,81488900,44.33,47.67,타교,,1697685
29,29,3361,AAEM2MZf9CZXqViVLfFd5tqi,공과대학,공학,1,정원내신입학,졸업,건축사회환경공학과,사회인프라전공,AAG/k5m8JyuxBPC7I/vkq0VW,korean,석·박사통합과정,2018,1R,19911226,2019,2R,4.18,9,126071418,49,48.67,타교,,2334656
30,30,3367,AAHNVJ+MXcnQQcT8TF+NPk+r,정보대학,공학,1,정원내신입학,졸업,컴퓨터·전파통신공학과,컴퓨터학전공,AAGfQMD7WlQeXOGRedxFV7M9,korean,석·박사통합과정,2019,1R,19920318,2019,2R,4.5,7,69870000,45.7,45.8,자교,,1663571
31,31,3463,AAHQa0uwrQxP8F3w5nhfjZ8T,공과대학,공학,2,정원내신입학,졸업,마이크로/나노시스템협동과정,마이크로/나노시스템협동과정전공,AAFAdiRzimzpkLB6/eFLLRaK,korean,석·박사통합과정,2018,1R,19911009,2019,2R,4.17,9,49600000,42,44,타교,,918519
32,32,3494,AAFvKFSvOzgxd8HilfNrfNJi,공과대학,공학,1,정원내신입학,졸업,신소재공학과,신소재공학전공,AAFgFJdHtItomDhzhC+rjvBq,korean,석·박사통합과정,2018,1R,19900806,2019,2R,4.44,9,88800000,53,34,자교,,1644444
33,33,3519,AAHtUVFcVX2v0XDLmYckzHPn,보건과학대학,자연과학,1,정원내신입학,졸업,의생명융합과학과,식품영양과학전공,AAHOgh7Z0ib2HpfnDBf/HS+s,korean,석·박사통합과정,2019,1R,19630421,2019,1R,4.19,7,,31,50,타교,,0
34,34,3581,AAGLsSAx33Jh5fFx0KoOQNC+,공과대학,공학,2,정원내신입학,졸업,전기전자공학과,반도체 및 나노전공,AAFAdiRzimzpkLB6/eFLLRaK,korean,석·박사통합과정,2018,1R,19880711,2020,2R,4.36,11,,43.1,42.2,타교,,0
35,35,3582,AAFcGOnXW65AvsjvEH4jILA5,공과대학,공학,1,정원내신입학,졸업,산업경영공학과,산업경영공학전공,AAGtJM3euCvvqb5hTFq1uzz2,korean,석·박사통합과정,2018,1R,19880702,2020,2R,4.19,11,26100000,40,45.33,타교,,395455
36,36,3592,AAEeDTrdMcG9B5NMmYDsKsUB,공과대학,공학,1,정원내신입학,졸업,신소재공학과,신소재공학전공,AAFOnXyI9jipyy9a/FKtt3pd,korean,석·박사통합과정,2018,1R,19901204,2020,2R,4.25,11,114916000,54,34,자교,,1741152
37,37,3594,AAEw2H469LtDx41ZmBXTPuso,공과대학,공학,1,정원내신입학,졸업,신소재공학과,신소재공학전공,AAEg0pRgP/AA4MDAFJDKct5i,korean,석·박사통합과정,2018,2R,19930226,2020,2R,4.17,11,77855230,51,33,자교,,1179625
38,38,3600,AAE/EBpLglRa+rAhzmC6cAbw,정보대학,공학,1,정원내신입학,졸업,뇌공학과,뇌공학전공,AAHVeEwwCzh2IWwZCkFyVnfp,korean,석·박사통합과정,2018,2R,19900910,2020,2R,4.17,10,81133850,49,48,자교,,1352231
39,39,3605,AAHzBt8dSspEc3DDdcUj4BtX,생명과학대학,자연과학,2,정원내신입학,졸업,생명공학과,시스템식품생명공학전공,AAHECUxqFpXUf9CGdHkhqPtY,korean,석·박사통합과정,2019,2R,19930702,2020,2R,4.25,8,57537455,49,47.3,타교,,1198697
40,40,3607,AAHha9SQIFK3yVXExmGhbegi,공과대학,공학,1,정원내신입학,졸업,건축사회환경공학과,지진방재전공,AAGCqxpkl1TslVbWwzL7IA5K,korean,석·박사통합과정,2019,1R,19920907,2020,2R,4.11,11,130397000,48.33,44,자교,,1975712
41,41,3615,AAFrTvPAMV8egno5nD3DOY4u,정경대학,인문·사회,1,정원내신입학,졸업,경제학과,거시경제학전공,AAGX/gnQ4XBmPgRWSmGyKe3U,korean,석·박사통합과정,2018,2R,19781111,2020,2R,4.03,10,37973333,76.6,8,자교,,632889
42,42,3617,AAHefLQxIhdVG944neYPibsX,정보대학,공학,1,정원내신입학,졸업,컴퓨터·전파통신공학과,컴퓨터학전공,AAGfQMD7WlQeXOGRedxFV7M9,korean,석·박사통합과정,2019,2R,19940328,2020,2R,4.44,9,105000000,46,46.4,자교,,1944444
43,43,3656,AAELoYcUWn3807qaa7HmtpTL,경영대학,인문·사회,1,정원내신입학,졸업,경영학과,MIS전공,AAHdEPbishnEfuq3vMq50URD,korean,석·박사통합과정,2018,1R,19900313,2020,2R,4.07,11,26800000,38,60,타교,,406061
44,44,3681,AAFIQbnNf17prLjF6uxtZXvk,이과대학,자연과학,1,정원내신입학,졸업,화학과,물리화학전공,AAH3+a/wq2RuQ78l5P1wfym4,korean,석·박사통합과정,2019,1R,19901205,2020,2R,4.31,11,84270000,41,43,타교,,1276818
45,45,3692,AAGk6rVTd0fn//xQWqKADxd5,이과대학,자연과학,1,정원내신입학,졸업,수학과,위상수학전공,AAFpxck85PXuCaF51bEq3Zax,korean,석·박사통합과정,2018,2R,19880727,2020,2R,4.34,10,81760000,45,43,타교,,1362667
46,46,3715,AAFiyJAgOgU6netJXq6Q9G2O,보건과학대학,자연과학,1,정원내신입학,졸업,보건과학과,치의기공학전공,AAGC3gcuN8Uq3ar2WyQ3GHyR,korean,석·박사통합과정,2020,1R,19840115,2020,2R,4.22,7,18000000,47.7,48.8,타교,,428571
47,47,3734,AAEbh4oMs0APcj8fxTklkDKu,생명과학대학,자연과학,1,정원내신입학,졸업,생명공학과,시스템식품생명공학전공,AAEPSSGkQfBmBgUm/513k0AV,korean,석·박사통합과정,2019,1R,19910224,2020,2R,4.06,9,71976666,50,44.03,타교,,1332901
48,48,3741,AAGlVhFZppDTfmLa23Kf4hBE,생명과학대학,자연과학,1,정원내신입학,졸업,생명공학과,분자생체공학전공,AAGHKhtTRVM2izkG1lKId0XM,korean,석·박사통합과정,2019,1R,19930506,2020,2R,4.12,9,85881281,50,45.08,자교,,1590394
49,49,3762,AAEOX1bgJb8ItVqr6yT0R7un,공과대학,공학,1,정원내신입학,졸업,전기전자공학과,전기에너지,AAFa0n41YacK09cpuBFoETAk,korean,석·박사통합과정,2018,1R,19920502,2020,2R,4.33,11,184257560,40.2,41.1,타교,,2791781
50,50,3775,AAFUHz0XAOX0pJEAm09XF/mi,생명과학대학,자연과학,2,정원내신입학,졸업,생명공학과,시스템식품생명공학전공,AAEF8BUKq4sC/VszAqT1FPFN,korean,석·박사통합과정,2019,1R,19900715,2020,2R,4.44,9,68226560,48,49.1,자교,,1263455
51,51,3776,AAEskKU/y7o2kNe0SCEJfilu,공과대학,공학,1,정원내신입학,졸업,기계공학과,기계공학전공,AAG9vgWMRYHtNalVfeopzK5v,korean,석·박사통합과정,2019,1R,19911120,2020,2R,4.36,9,150801400,48.8,49,자교,,2792619
52,52,3838,AAFFh5WTdfWv4NAO3UIZF6p8,공과대학,공학,1,정원내신입학,졸업,전기전자공학과,반도체 및 나노전공,AAFukyr7xBbs8UJxDmTihFIk,korean,석·박사통합과정,2019,1R,19920313,2020,2R,4.42,9,122670704,46.1,43.3,자교,,2271680
53,53,3844,AAF86sWLCi1Wt+F4hl1I0Qj4,공과대학,공학,1,정원내신입학,졸업,전기전자공학과,반도체 및 나노전공,AAFAdiRzimzpkLB6/eFLLRaK,korean,석·박사통합과정,2019,1R,19930517,2020,2R,4.28,9,69159790,39.4,38.7,자교,,1280737
54,54,3865,AAGsb2pxE2CaKvBUudfSxTuo,공과대학,공학,1,정원내신입학,졸업,화공생명공학과,화공생명공학전공,AAFT5aAQWoSTjHQ9sbU7sw8f,korean,석·박사통합과정,2018,1R,19900705,2020,2R,4.26,11,82386262,56,39.5,자교,,1248277
55,55,3868,AAGaGypJ/B3wPnIXT5/6+JTO,정보대학,공학,1,정원내신입학,졸업,컴퓨터학과,소프트웨어전공,AAGoCHZwiePFcGa9VMEqyZO9,korean,석·박사통합과정,2018,1R,19920318,2020,2R,4.1,11,87047639,50,43.02,자교,,1318904
56,56,3869,AAE6oZ0oEsT8IoX032pDZR8O,정보대학,공학,1,정원내신입학,졸업,컴퓨터학과,소프트웨어전공,AAHlCxUQwggid/3SmpgwUN2W,korean,석·박사통합과정,2018,1R,19870826,2020,2R,4.37,11,130780000,50,44.01,자교,,1981515
57,57,3871,AAGL7mxynqRSov6RyVuv1wZs,정보대학,공학,1,정원내신입학,졸업,컴퓨터·전파통신공학과,전파통신공학전공,AAGx+syfEJz2i7IEqqI92pvU,korean,석·박사통합과정,2018,1R,19890515,2020,2R,4.36,11,85671119,50,45.31,자교,,1298047
58,58,3872,AAGpRlmKXVzgqCS7LiRkV0ii,정보대학,공학,1,정원내신입학,졸업,컴퓨터·전파통신공학과,전파통신공학전공,AAFm+ycQI37BYnjpvqFrwA7U,korean,석·박사통합과정,2018,1R,19900909,2020,2R,4.04,11,137748935,50,39.9,자교,,2087105
59,59,3894,AAFE66tTbB3+8OIjQEB3m5SU,정보대학,공학,1,정원내신입학,졸업,컴퓨터·전파통신공학과,컴퓨터학전공,AAGfQMD7WlQeXOGRedxFV7M9,korean,석·박사통합과정,2018,2R,19930202,2020,2R,4.42,10,97655000,50,32,자교,,1627583
60,60,3904,AAFpjRipohggkO5fsZlAOA1B,생명과학대학,자연과학,2,정원내신입학,졸업,환경생태공학과,환경계획및조경학전공,AAGIv80OQ/hZbpSix5nrdVb2,korean,석·박사통합과정,2019,1R,19920610,2020,2R,4.33,10,99496390,47.67,48.33,자교,,1658273
61,61,3915,AAGCiFTe9gAat9vOL71f/U8P,생명과학대학,자연과학,2,정원내신입학,졸업,환경생태공학과,환경계획및조경학전공,AAGOspWKpjwv00sPBrh+ZRe+,korean,석·박사통합과정,2019,2R,19900711,2020,2R,4.29,9,119877223,48.33,48.67,자교,,2219949
62,62,3941,AAHuD3oQ3cs9tQiMFSKzxdiD,공과대학,공학,1,정원내신입학,졸업,기계공학과,기계공학전공,AAFCjzX9qe0W7xkpRbHTLFPT,korean,석·박사통합과정,2018,1R,19911016,2020,2R,4.11,11,60696000,46.8,47,자교,,919636
63,63,3974,AAFqLwEqeKYY2a5E0Q88wyTW,공과대학,공학,1,학연산협동과정,졸업,화공생명공학과,화공생명공학전공,AAEgg9xAPbUzkzqGsSdbE/vh,korean,석·박사통합과정,2019,1R,19890113,2020,2R,4.06,9,,47,32.5,타교,,0
64,64,3982,AAEwxSFWidVHne2/ghjmREl6,공과대학,공학,1,정원내신입학,졸업,화공생명공학과,화공생명공학전공,AAHbfpe13iYQFP6H7+l+dBws,korean,석·박사통합과정,2019,2R,19920702,2020,2R,4.22,9,97275000,60,29.8,자교,,1801389
65,65,4078,AAG7Z5gwNskCB2seAvlpz0+1,의과대학,자연과학,2,정원내신입학,졸업,의과학과,의생명과학전공,AAECkFEW1bn7g7Zyi3Fd6NZR,korean,석·박사통합과정,2018,1R,19910816,2020,1R,4.06,10,67412000,40.3,40.3,타교,,1123533
66,66,4129,AAHqriYFMmB171ZA69aVnoog,보건과학대학,자연과학,1,정원내신입학,졸업,보건과학과,보건정책관리학전공,AAEnLqXeRnW3tLCq0vD3V6Tj,korean,석·박사통합과정,2018,2R,19870329,2020,1R,4.35,9,60508880,39.8,45.1,타교,,1120535
67,67,4167,AAGg0Dc3vX2PGsKOLp5/7GPw,보건과학대학,공학,2,외국인,졸업,바이오융합공학과,바이오융합공학전공,AAFwssCfN/7xYPC55pzhqS6B,foreigner,석·박사통합과정,2019,1R,19880911,2020,1R,4.17,9,50560000,93,,타교,,936296
68,68,4168,AAGY0c/cTtPt5Dik05X3hVB6,보건과학대학,공학,1,외국인,졸업,바이오융합공학과,바이오융합공학전공,AAFwssCfN/7xYPC55pzhqS6B,foreigner,석·박사통합과정,2019,1R,19910325,2020,1R,4.03,9,51600000,92,,타교,,955556
69,69,4169,AAF4NNTwZB40GeSI+gh5yhJz,공과대학,공학,1,정원내신입학,졸업,전기전자공학과,반도체 및 나노전공,AAFAdiRzimzpkLB6/eFLLRaK,korean,석·박사통합과정,2018,2R,19920113,2020,1R,4.31,9,3700000,46,47,자교,,68519
70,70,4256,AAFoj6HPl6RQNm7xJ6CMFnVw,공과대학,공학,1,정원내신입학,졸업,화공생명공학과,화공생명공학전공,AAHInk8/FePfBTaicVyxuepA,korean,석·박사통합과정,2018,1R,19901115,2021,1R,4.14,12,76237277,52,39.5,자교,,1058851
71,71,4257,AAGYglbhaL8khGm5koBVpC6U,공과대학,공학,1,정원내신입학,졸업,화공생명공학과,화공생명공학전공,AAFT5aAQWoSTjHQ9sbU7sw8f,korean,석·박사통합과정,2018,1R,19920731,2021,1R,4.27,12,165845000,60,37.5,자교,,2303403
72,72,4269,AAH0cambjVyOn9yPQzT1K+Re,공과대학,공학,2,정원내신입학,졸업,기계공학과,기계공학전공,AAFj8wKRZTXkoQ3FcBubZYe+,korean,석·박사통합과정,2018,1R,19870929,2021,1R,4.08,12,101840800,46,46,타교,,1414456
73,73,4273,AAFRDuYJ6xtPZLfKujDlDiNE,공과대학,공학,1,정원내신입학,졸업,신소재공학과,신소재공학전공,AAGTszpzFC5e3mUi28BQAvQQ,korean,석·박사통합과정,2019,1R,19880416,2021,1R,4.14,10,136000000,48,31,자교,,2266667
74,74,4280,AAE5PONwLJE9FFptV75rBo0L,공과대학,공학,1,정원내신입학,졸업,신소재공학과,신소재공학전공,AAGTszpzFC5e3mUi28BQAvQQ,korean,석·박사통합과정,2018,1R,19900515,2021,1R,4.17,12,166919785,50,32,자교,,2318330
75,75,4284,AAG7nJvyBdDDtGOUvlR19gfQ,공과대학,공학,1,정원내신입학,졸업,전기전자공학과,반도체 및 나노전공,AAFAdiRzimzpkLB6/eFLLRaK,korean,석·박사통합과정,2020,1R,19920404,2021,1R,4.42,8,68848000,40.7,41.5,타교,,1434333
76,76,4288,AAHUpNWcjOVHKVTdJLNUwX37,공과대학,공학,1,정원내신입학,졸업,산업경영공학과,산업경영공학전공,AAEYVfsfVhIHnbTEKHsFv2Gf,korean,석·박사통합과정,2018,2R,19921010,2021,1R,4.17,12,40503000,42,48.33,자교,,562542
77,77,4289,AAF8qJxPJu8SmCdqU07ufGsy,공과대학,공학,1,정원내신입학,졸업,산업경영공학과,산업경영공학전공,AAFD3xbYP2/G9DXqA0Ck4KRi,korean,석·박사통합과정,2018,1R,19930228,2021,1R,4.28,12,141182407,42.33,46,자교,,1960867
78,78,4291,AAE++89Z+OcpUq2/TF6CMVw/,공과대학,공학,2,정원내신입학,졸업,전기전자공학과,반도체 및 나노전공,AAFAdiRzimzpkLB6/eFLLRaK,korean,석·박사통합과정,2019,2R,19890803,2021,1R,4.31,9,58155000,45.3,45.2,타교,,1076944
79,79,4320,AAFZuBS6PQCE8/1KPrA+HOyw,공과대학,공학,2,외국인,졸업,건축사회환경공학과,사회인프라전공,AAEP/2yd50S/t/rqhY+2hT05,foreigner,석·박사통합과정,2019,1R,19900609,2021,1R,3.95,12,57297902,98,,타교,,795804
80,80,4326,AAEyPIi24R5WwxeeFj+HAZPi,보건과학대학,공학,2,정원내신입학,졸업,바이오융합공학과,바이오융합공학전공,AAHhdPIxdgBwEFlrbYKdCKX7,korean,석·박사통합과정,2018,1R,19920709,2021,1R,4.27,12,11840000,53.3,39.3,자교,,164444
81,81,4327,AAEV2CWoYbdfUktYezc7mRBx,보건과학대학,공학,2,정원내신입학,졸업,바이오융합공학과,바이오융합공학전공,AAG2To4SsGD0FGigabbDbxR3,korean,석·박사통합과정,2018,1R,19920430,2021,1R,4.32,12,115350000,53.67,37.33,자교,,1602083
82,82,4334,AAGd2dYR4zH50jBdjOaKlh/P,심리학부,인문·사회,2,정원내신입학,졸업,심리학과,행동인지신경과학전공,AAFJ+eOrfwyg9h5DzuILZ5h5,korean,석·박사통합과정,2019,2R,19880831,2021,1R,4.44,9,59960000,39.5,59,타교,,1110370
83,83,4347,AAEreVdnffN0X69AgSAFuoFy,공과대학,공학,1,정원내신입학,졸업,기계공학과,기계공학전공,AAHnXim9e1JoSxJhPUZ6r+Y+,korean,석·박사통합과정,2019,2R,19911012,2021,1R,4.28,12,207823424,45.5,45.5,자교,,2886436
84,84,4366,AAHBh9HU7lq7A6oGEDOPPyDv,보건과학대학,자연과학,2,정원내신입학,졸업,의생명융합과학과,식품영양과학전공,AAHOgh7Z0ib2HpfnDBf/HS+s,korean,석·박사통합과정,2020,1R,19860618,2021,1R,4.13,9,,37,50,자교,,0
85,85,4388,AAEGrI0Ia3AjGJFwJMNdszpm,법과대학,인문·사회,1,정원내신입학,졸업,법학과,상법전공,AAEtbrM8IuGtJu3wy0M3smco,korean,석·박사통합과정,2018,1R,19851102,2021,1R,4.47,12,,38,57.96,자교,,0
86,86,4410,AAEEDWd2yffydURLA7vpwUBX,공과대학,공학,1,정원내신입학,졸업,신소재공학과,신소재공학전공,AAEQeczXMHprDJeLute9KZ4D,korean,석·박사통합과정,2021,1R,19730101,2021,1R,4.32,6,,34,54,타교,,0
87,87,4445,AAG3zdaJV5LMCT2AANZIoD9L,정보대학,공학,1,정원내신입학,졸업,컴퓨터학과,소프트웨어전공,AAHlCxUQwggid/3SmpgwUN2W,korean,석·박사통합과정,2019,1R,19940218,2021,1R,4.27,10,130093800,47,48,자교,,2168230
88,88,4450,AAG4NTrbBvner+gpaek+lM23,정보대학,공학,1,정원내신입학,졸업,컴퓨터학과,소프트웨어전공,AAHKtQp9UqNotTTkQaYe8qw+,korean,석·박사통합과정,2019,1R,19890910,2021,1R,4.18,10,128200000,46,46.6,타교,,2136667
89,89,4480,AAH6OFGldKj/Rigi22/YLXlU,보건과학대학,자연과학,2,정원내신입학,졸업,보건과학과,보건생명·식품과학전공,AAF2FpVkk86q3NGJmNozjxAL,korean,석·박사통합과정,2019,2R,19940110,2021,1R,4.44,9,86256940,48,48,자교,,1597351
90,90,4481,AAHLuEnEaRTAHcX1ZOnSVSS0,공과대학,공학,1,정원내신입학,졸업,기계공학과,기계공학전공,AAGMlJxfOORPzbzO8WPFu09N,korean,석·박사통합과정,2020,1R,19820126,2021,1R,4.31,8,,44.5,44.5,타교,,0
91,91,4484,AAFZioPztHufLIvR3tyS+F3y,보건과학대학,자연과학,2,정원내신입학,졸업,보건과학과,환경보건학전공,AAH6VQBZM1Bq1OyB+t5qOfTm,korean,석·박사통합과정,2019,2R,19880328,2021,1R,4.39,9,507600,46,46,자교,,9400
92,92,4490,AAEt/dsOXJNhqhzIEuAhOyWe,공과대학,공학,1,학연산협동과정,졸업,바이오마이크로시스템기술협동과정,바이오마이크로시스템기술전공,AAEjhMsY958qKCUYKbgm7g0N,korean,석·박사통합과정,2019,1R,19900218,2021,1R,3.75,12,,55,38.67,타교,,0
93,93,4517,AAEws6ml69K9XpKTQOfhaLLC,이과대학,자연과학,1,정원내신입학,졸업,수학과,확률론전공,AAGaN6h5zHGpFj81Q6wrB+TK,korean,석·박사통합과정,2018,1R,19900212,2021,1R,4.5,12,98729140,48,45,자교,,1371238
94,94,4518,AAH+5RSFCo0GEPWAllX2LH6G,이과대학,자연과학,1,정원내신입학,졸업,수학과,확률론전공,AAGaN6h5zHGpFj81Q6wrB+TK,korean,석·박사통합과정,2018,1R,19910113,2021,1R,4.47,12,101329140,30,60,자교,,1407349
95,95,4526,AAE/KVCGEztWytdWnkGl4mMc,이과대학,자연과학,1,정원내신입학,졸업,화학과,유기화학전공,AAHoKX9pkxpJ3RC1knPkTDFM,korean,석·박사통합과정,2018,2R,19900207,2021,1R,4,12,126282000,35,41,타교,,1753917
96,96,4539,AAEnYlEsa6uAk0unnY6C3TxI,공과대학,공학,1,정원내신입학,졸업,전기전자공학과,신호 및 멀티미디어전공,AAGioczb0MZcdiThVufZfhjq,korean,석·박사통합과정,2018,1R,19920201,2021,1R,4.47,12,161595472,45.5,41.8,자교,,2244382
97,97,4548,AAG/n1vRdVtqStyI3CbCpwqt,공과대학,공학,1,학연산협동과정,졸업,전기전자공학과,반도체 및 나노전공,AAFAdiRzimzpkLB6/eFLLRaK,korean,석·박사통합과정,2018,1R,19900216,2021,1R,4.15,12,,48.1,47.2,타교,,0
98,98,4550,AAHyOEaCWV3zzkOSXhAkGMy5,공과대학,공학,1,정원외-계약학과,졸업,IT융합학과,IT융합전공,AAE9GAgYnBT76ywUf8EXt/Yl,korean,석·박사통합과정,2018,1R,19890909,2021,1R,4.08,12,75311502,46.33,43.33,자교,,1045993
99,99,4586,AAFl6XbybJZFGMHrYLmbPHIO,보건과학대학,자연과학,2,정원내신입학,졸업,의생명융합과학과,임상병리학전공,AAEFJQZqu9AJyflAngTj9nxs,korean,석·박사통합과정,2019,1R,19920810,2021,1R,4.38,10,20960000,40,50,자교,,349333
100,100,4587,AAEoaI41bB7Dgh12/BhEDs0A,보건과학대학,자연과학,2,정원내신입학,졸업,보건과학과,보건생명·식품과학전공,AAF2FpVkk86q3NGJmNozjxAL,korean,석·박사통합과정,2019,2R,19921028,2021,1R,4.39,10,79190000,45,48,자교,,1319833
101,101,4589,AAEdQg9WnJtF7ux6DJXAAQO7,공과대학,공학,1,정원내신입학,졸업,건축사회환경공학과,물과 환경전공,AAGf8vYauYE4gGkoGe41B95E,korean,석·박사통합과정,2019,1R,19921227,2021,1R,4.34,10,103324370,48,46.67,자교,,1722073
102,102,4591,AAHQYfVY4ejhZCNhbjqAKayM,보건과학대학,자연과학,1,정원내신입학,졸업,보건과학과,치의기공학전공,AAGC3gcuN8Uq3ar2WyQ3GHyR,korean,석·박사통합과정,2021,1R,19910908,2021,1R,4.26,6,24300000,48.5,48,타교,,675000
103,103,4592,AAGTbYYjt9L8Vw5DaLa1tx/5,보건과학대학,자연과학,1,정원내신입학,졸업,보건과학과,치의기공학전공,AAGC3gcuN8Uq3ar2WyQ3GHyR,korean,석·박사통합과정,2021,1R,19910908,2021,1R,4.26,6,28500000,49,48,타교,,791667
104,104,4596,AAFj72rBxPHaWbHCNseE8gJG,공과대학,공학,1,정원내신입학,졸업,전기전자공학과,통신 및 네트워크전공,AAEDRkBX7/Ql8YY92VjxsLch,korean,석·박사통합과정,2018,2R,19900719,2021,1R,4.39,12,119833667,47.3,45.8,자교,,1664356
105,105,4598,AAG5hOGd0nKGz5UDAMhJXlCk,공과대학,공학,1,정원내신입학,졸업,전기전자공학과,통신 및 네트워크전공,AAEssPEiUNe/wYugrxd+fnX2,korean,석·박사통합과정,2018,2R,19930228,2021,1R,4.5,12,132624602,47.4,44.9,자교,,1842008
106,106,4602,AAGOSfhQxN1AwzCT3j+v1i2Z,공과대학,공학,1,정원내신입학,졸업,전기전자공학과,통신 및 네트워크전공,AAG3Do5GFC741fyNHG0xL5GU,korean,석·박사통합과정,2018,1R,19901205,2021,1R,4.14,12,149018645,40.3,42.4,자교,,2069703
107,107,4627,AAHK0vbjDjJvS8+GOdBbDFPB,법과대학,인문·사회,1,정원내신입학,졸업,법학과,상법전공,AAGy0qCzwwAtJbn7rcwu3s9c,korean,석·박사통합과정,2020,1R,19700901,2021,1R,4.44,8,,40,47.2,타교,,0
108,108,4634,AAGqEQNZQ0twxga8KRU/BN6z,공과대학,공학,1,정원내신입학,졸업,건축사회환경공학과,물과 환경전공,AAGopWa0c7/Rh6S3QHrGGKvP,korean,석·박사통합과정,2019,2R,19930512,2021,1R,4.29,9,118960000,47,47,자교,,2202963
109,109,4642,AAFsBPR5+VyavOaYtlvDKJZz,보건과학대학,자연과학,2,정원내신입학,졸업,보건과학과,환경보건학전공,AAGOovrVcNz2VQ60TLb+twag,korean,석·박사통합과정,2018,1R,19910113,2021,1R,4.32,12,156921457,42.4,40,타교,,2179465
110,110,4656,AAEEFo0aBG/N4Im6KcwZfznv,정보대학,공학,1,정원내신입학,졸업,영상정보처리협동과정,영상정보처리전공,AAGioczb0MZcdiThVufZfhjq,korean,석·박사통합과정,2019,1R,19891226,2021,1R,4.17,11,132944472,46,44.67,타교,,2014310
111,111,4678,AAHvXBJrJnz3r5xwX0icppsW,이과대학,자연과학,2,정원내신입학,졸업,화학과,분석화학전공,AAF7f0+Jymm6S48M6Du03fzp,korean,석·박사통합과정,2020,1R,19931026,2021,1R,3.81,10,86710000,41,35.5,타교,,1445167
112,112,4680,AAGP9NDaWjB+VFo5oOb7Pcs5,이과대학,자연과학,2,정원내신입학,졸업,화학과,유기화학전공,AAGo9rBbww79qUMN3dh1Tg2K,korean,석·박사통합과정,2020,1R,19920811,2021,1R,3.75,10,102492000,42,46,타교,,1708200
113,113,4681,AAHGiVUD/ZfjQDedGmTP1Qvx,이과대학,자연과학,1,정원내신입학,졸업,화학과,물리화학전공,AAGqVxHdMTtss9SruRc6GCfG,korean,석·박사통합과정,2020,1R,19880414,2021,1R,3.78,10,66762000,40,40,타교,,1112700
114,114,4695,AAEYBpJC90Bzy/0BW/lUk9G3,공과대학,공학,1,정원내신입학,졸업,전기전자공학과,신호 및 멀티미디어전공,AAFptwmanjlLzXaPDP6w+HhG,korean,석·박사통합과정,2018,1R,19920707,2021,1R,4.44,12,72345000,43.1,42.8,자교,,1004792
115,115,4696,AAEaNLQQoDNRfJfsayQwsTz3,공과대학,공학,1,정원내신입학,졸업,전기전자공학과,컴퓨터공학전공,AAGeqJDzBjy+KGfL5UY+9TIp,korean,석·박사통합과정,2018,1R,19890110,2021,1R,4.11,12,175180031,36.7,38.8,타교,,2433056
116,116,4697,AAHZhFCQGBgeDT1/ErUwORA2,공과대학,공학,1,정원내신입학,졸업,전기전자공학과,컴퓨터공학전공,AAG1z8MOPsG4V/wTjh0NmDLJ,korean,석·박사통합과정,2018,1R,19921029,2021,1R,4.22,12,133667812,46.3,43.5,자교,,1856497
117,117,4721,AAGhQRjHARc1w4+F8TN9BLjk,이과대학,자연과학,2,정원내신입학,졸업,화학과,고분자화학전공,AAFXijirLbUuH9BgHv7mX6Kt,korean,석·박사통합과정,2020,1R,19930104,2021,1R,3.97,10,95280000,48,47.5,타교,,1588000
118,118,4736,AAGjVzgNQSNQI4HSptGUFqjD,공과대학,공학,1,정원내신입학,졸업,신소재공학과,신소재공학전공,AAFiFnbgowp64/vIKAkflPLV,korean,석·박사통합과정,2018,1R,19900418,2021,1R,4.25,12,110250000,44,27,타교,,1531250
119,119,4740,AAEgg17iJuyEEWVtmCC2mhfj,공과대학,공학,1,학연산협동과정,졸업,신소재공학과,신소재공학전공,AAHMngiUwqKD8mqXyCpl4RdA,korean,석·박사통합과정,2018,2R,19901213,2021,1R,4.22,11,,57,37,타교,,0
120,120,4741,AAHeRIeoNVafHt8JoKPLype7,공과대학,공학,1,정원내신입학,졸업,신소재공학과,신소재공학전공,AAG/JVT6xluE6DbNm+mre8iq,korean,석·박사통합과정,2018,2R,19920424,2021,1R,4.33,11,111163390,57,39,자교,,1684294
121,121,4754,AAEe2vQ08DGC3TuSOsbw9jvi,공과대학,공학,1,정원내신입학,졸업,신소재공학과,신소재공학전공,AAHMngiUwqKD8mqXyCpl4RdA,korean,석·박사통합과정,2018,1R,19900102,2021,1R,4.11,12,28170000,48,28,타교,,391250
122,122,4789,AAG/M5D6LaIctjtJ+rhHBMwk,생명과학대학,자연과학,2,정원내신입학,졸업,생명공학과,의약나노바이오시스템전공,AAGu6sAepK2H5xXyzu22Hr5B,korean,석·박사통합과정,2018,2R,19910703,2021,1R,4.15,11,70440000,47,42.7,타교,,1067273
123,123,4790,AAEl+mXNJeSZqawzedZGcTnP,생명과학대학,자연과학,2,외국인,졸업,생명공학과,시스템식품생명공학전공,AAFdqdv6Bx+KGXpXW57QqirL,foreigner,석·박사통합과정,2018,2R,19890425,2021,1R,4.24,12,69570322,95.4,,타교,,966254
124,124,4845,AAGRugkJS4sl+mKV4oGH0ZA/,보건과학대학,자연과학,1,정원내신입학,졸업,보건과학과,환경보건학전공,AAHq1aLSiveQarv1QuOmgge9,korean,석·박사통합과정,2020,2R,19930220,2021,1R,4.3,8,97450229,47,45,자교,,2030213
125,125,4847,AAEjk1y8nqToX9B82syOJqcA,생명과학대학,자연과학,1,정원내신입학,졸업,환경생태공학과,생물재료공학전공,AAEWb5FJaLn9xPgDGlnbLYjD,korean,석·박사통합과정,2019,1R,19900112,2021,1R,4.15,11,114160000,49.67,49,타교,,1729697
126,126,4872,AAHEE8ecDL+5wavajEgrlbax,공과대학,공학,1,정원내신입학,졸업,건축사회환경공학과,기후 및 에너지공학전공,AAF3gwz/EroDu8ymIDNVRNmZ,korean,석·박사통합과정,2018,1R,19890502,2021,1R,4.26,12,123823160,45.33,44,타교,,1719766
127,127,4873,AAHJDHtwjmwy7vK1OvO156Kk,의과대학,자연과학,2,정원내신입학,졸업,의과학과,의생명과학전공,AAHSlraR81FHv/BgcvEks/wi,korean,석·박사통합과정,2018,1R,19900619,2021,1R,4.22,12,123898870,38.66,39,타교,,1720818
128,128,4880,AAEftl4dGTjHYc8SB3nTAQml,공과대학,공학,2,정원내신입학,졸업,화공생명공학과,화공생명공학전공,AAE/vvg7RqvrU/xhKeyCSz8z,korean,석·박사통합과정,2018,1R,19921216,2021,1R,4.24,12,124658118,51,36.5,자교,,1731363
129,129,4885,AAEjZpTjEev6Qn9Nvl+Xwro9,공과대학,공학,1,정원내신입학,졸업,화공생명공학과,화공생명공학전공,AAHInk8/FePfBTaicVyxuepA,korean,석·박사통합과정,2018,1R,19910212,2021,1R,4.2,12,81634560,54,39.5,자교,,1133813
130,130,4903,AAEA2FEfC8bqWoHLiMucPIdN,생명과학대학,자연과학,1,정원내신입학,졸업,환경생태공학과,수질및토양환경전공,AAEudxuVx5bQUcFs5ape70OW,korean,석·박사통합과정,2018,2R,19901225,2021,1R,4.33,12,83258021,47,47.33,자교,,1156361
131,131,5037,AAEX2zRy0rMsKLjhGcCzk+VW,보건과학대학,공학,1,정원내신입학,졸업,바이오융합공학과,바이오융합공학전공,AAF3N46eGMaBTxkN+oTmpoMp,korean,석·박사통합과정,2018,2R,19910413,2021,1R,4.11,11,107942000,45,45,자교,,1635485
132,132,5039,AAETHnzyjBDi9e/3n5ASa39S,공과대학,공학,1,학연산협동과정,졸업,전기전자공학과,반도체 및 나노전공,AAFukyr7xBbs8UJxDmTihFIk,korean,석·박사통합과정,2018,2R,19901001,2021,1R,4.39,11,,49.2,48.3,타교,,0
133,133,5105,AAHMvcunZzTxl/1t9MRspbK0,공과대학,공학,1,정원내신입학,졸업,화공생명공학과,화공생명공학전공,AAFusQhKNZAOH5aykCeK8qQL,korean,석·박사통합과정,2021,1R,19950921,2021,2R,4.5,7,50330000,54.5,38.25,자교,,1198333
134,134,5110,AAFjOIrPZS5YbWQV9KMg0SAv,이과대학,자연과학,1,정원내신입학,졸업,화학과,유기화학전공,AAHoKX9pkxpJ3RC1knPkTDFM,korean,석·박사통합과정,2019,1R,19931201,2021,2R,4.34,11,110300000,48,35,타교,,1671212
135,135,5111,AAGCl7UztZ7Nh0n8uQlUEwL8,공과대학,공학,1,정원내신입학,졸업,신소재공학과,신소재공학전공,AAFiFnbgowp64/vIKAkflPLV,korean,석·박사통합과정,2018,1R,19930208,2021,2R,4.25,13,129770968,57,40,자교,,1663730
136,136,5114,AAG2R/8ZINtjO1IucDdff0KQ,공과대학,공학,1,정원내신입학,졸업,신소재공학과,신소재공학전공,AAFiFnbgowp64/vIKAkflPLV,korean,석·박사통합과정,2018,1R,19911130,2021,2R,4.39,13,122989299,52,33,자교,,1576786
137,137,5119,AAG2sqljL5j2txCOas4LWOSF,생명과학대학,자연과학,1,정원내신입학,졸업,환경생태공학과,환경계획및조경학전공,AAGOspWKpjwv00sPBrh+ZRe+,korean,석·박사통합과정,2020,1R,19910402,2021,2R,4.08,9,105438005,44.67,46.33,자교,,1952556
138,138,5120,AAHL/o6WLSgmzbC0U2XnUAMb,정보대학,공학,1,정원내신입학,졸업,뇌공학과,뇌공학전공,AAFXDlCEmJaJSYNPVqccDMZx,korean,석·박사통합과정,2018,1R,19900512,2021,2R,4.21,13,299786475,43,44,타교,,3843416
139,139,5122,AAHvdBpneDzwGRk6QrO/GEt0,공과대학,공학,1,정원내신입학,졸업,전기전자공학과,통신 및 네트워크전공,AAEDRkBX7/Ql8YY92VjxsLch,korean,석·박사통합과정,2018,1R,19910524,2021,2R,4.36,13,126887000,42.6,41.8,자교,,1626756
140,140,5124,AAH9pXoWbrH9IrX/2yiWYcvM,법과대학,인문·사회,1,정원내신입학,졸업,법학과,상법전공,AAGy0qCzwwAtJbn7rcwu3s9c,korean,석·박사통합과정,2020,1R,19650810,2021,2R,4.36,10,,40,43.3,타교,,0
141,141,5133,AAGINNU26dpFfhV0Xu3JbI8Z,공과대학,공학,2,정원내신입학,졸업,신소재공학과,신소재공학전공,AAHVMQxXZzh89KjrTenp6nPf,korean,석·박사통합과정,2021,1R,19931025,2021,2R,3.69,9,,56,32,타교,,0
142,142,5135,AAFRCq3ST3jhWIR9hE8RzQM8,정보대학,공학,1,정원내신입학,졸업,컴퓨터학과,컴퓨터교육전공,AAG7NvMi4LDLMT/URLwSoU1A,korean,석·박사통합과정,2020,1R,19850409,2021,2R,4.08,9,22000000,48.3,48.3,타교,,407407
143,143,5169,AAEds1PVbkkh3QeeDa+L3tjD,정보대학,공학,2,정원내신입학,졸업,컴퓨터학과,소프트웨어전공,AAFhFZgfCHdQkb82RLLU/geO,korean,석·박사통합과정,2018,2R,19900820,2021,2R,4.36,12,170000000,49,49,타교,,2361111
144,144,5171,AAGWrRAofZ6jPVReHurDpR0J,공과대학,공학,2,정원내신입학,졸업,화공생명공학과,화공생명공학전공,AAFusQhKNZAOH5aykCeK8qQL,korean,석·박사통합과정,2018,2R,19920719,2021,2R,4.33,12,88502800,57.67,34.33,타교,,1229206
145,145,5172,AAHtwHQbLcbPgFPkQWYLTi+b,공과대학,공학,1,정원내신입학,졸업,화공생명공학과,화공생명공학전공,AAG3UgRiZnI8ns5BXTcxNxGC,korean,석·박사통합과정,2018,2R,19910219,2021,2R,4.14,12,102018580,56.67,37.33,타교,,1416925
146,146,5173,AAEOdhNIHWn8RSBuZ7NuiW4W,공과대학,공학,1,정원내신입학,졸업,화공생명공학과,화공생명공학전공,AAHgUVNRwv/2JnLflHfEFa8n,korean,석·박사통합과정,2018,2R,19890923,2021,2R,4.13,12,129045566,54.33,33.67,타교,,1792300
147,147,5174,AAEeLzOwBngVYjv5c0gLLuBv,공과대학,공학,1,정원내신입학,졸업,화공생명공학과,화공생명공학전공,AAGG7IhUZDZBJWEpoDSv+a2p,korean,석·박사통합과정,2018,1R,19921117,2021,2R,4.17,13,150005448,50,39.5,자교,,1923147
148,148,5175,AAH3mmq1JNIwbP21OGLQ/4r2,공과대학,공학,1,정원내신입학,졸업,화공생명공학과,화공생명공학전공,AAHgUVNRwv/2JnLflHfEFa8n,korean,석·박사통합과정,2018,1R,19890918,2021,2R,4.04,13,64912500,50,31.5,타교,,832212
149,149,5176,AAHASANEpgDSyziT0dBDmf3Z,공과대학,공학,1,정원내신입학,졸업,화공생명공학과,화공생명공학전공,AAEgg9xAPbUzkzqGsSdbE/vh,korean,석·박사통합과정,2018,1R,19901218,2021,2R,4.23,13,134265000,40,38.5,자교,,1721346
150,150,5177,AAFFzuEcbSkUCA0J6nTDkyJu,공과대학,공학,1,정원내신입학,졸업,화공생명공학과,화공생명공학전공,AAEgg9xAPbUzkzqGsSdbE/vh,korean,석·박사통합과정,2018,1R,19920911,2021,2R,4.33,13,137635000,57,39.5,자교,,1764551
151,151,5178,AAHEqgqk8Q8fiqmsTA7BXISC,공과대학,공학,1,정원내신입학,졸업,화공생명공학과,화공생명공학전공,AAGaCMeTjNaKuSWvzyinL5sl,korean,석·박사통합과정,2018,1R,19911224,2021,2R,4.43,13,156648286,50,36.5,자교,,2008311
152,152,5184,AAF/alpBv6zvKWfRCRaxruTn,생명과학대학,자연과학,1,정원내신입학,졸업,생명과학과,분자생물학전공,AAE/8JlgUig1ptLW4mromlar,korean,석·박사통합과정,2018,1R,19900705,2021,2R,4.16,13,91598000,46,47,타교,,1174333
153,153,5196,AAEgZ/1AdpeKbpSNfZF6/AmI,공과대학,공학,2,정원내신입학,졸업,신소재공학과,신소재공학전공,AAFiFnbgowp64/vIKAkflPLV,korean,석·박사통합과정,2019,1R,19911017,2021,2R,4.13,12,197891165,57,40,자교,,2748488
154,154,5198,AAHUyKJ5e5zYkV9UUvN/pQYp,생명과학대학,자연과학,1,정원내신입학,졸업,환경생태공학과,수질및토양환경전공,AAEQRK01cpypBZKmzeaZ/Ayl,korean,석·박사통합과정,2018,2R,19860314,2021,2R,4.14,12,100364000,49,49,타교,,1393944
155,155,5200,AAH8nywB0sCviHb+B2c9RZAz,생명과학대학,자연과학,2,정원내신입학,졸업,환경생태공학과,수질및토양환경전공,AAEQRK01cpypBZKmzeaZ/Ayl,korean,석·박사통합과정,2018,2R,19900729,2021,2R,4.18,12,137474000,47,47,타교,,1909361
156,156,5201,AAGIcbzEZr9Qxzohh08z0keQ,공과대학,공학,1,정원내신입학,졸업,화공생명공학과,화공생명공학전공,AAHgUVNRwv/2JnLflHfEFa8n,korean,석·박사통합과정,2018,2R,19920911,2021,2R,4.34,12,102907168,55.67,34.33,자교,,1429266
157,157,5208,AAGEDvnZy4hfHJLPCCwizArX,공과대학,공학,1,정원내신입학,졸업,산업경영공학과,산업경영공학전공,AAGtJM3euCvvqb5hTFq1uzz2,korean,석·박사통합과정,2019,1R,19911124,2021,2R,4.37,11,56200000,40,46,타교,,851515
158,158,5233,AAEg0YGDQctjTQREkjmuJZaI,이과대학,자연과학,1,정원내신입학,졸업,물리학과,양자광학전공,AAEVfpRfGLiK/c12ougxtvee,korean,석·박사통합과정,2019,1R,19910211,2021,2R,4.28,13,121416000,38.2,50,자교,,1556615
159,159,5234,AAESbzmb0oPJ1aMofd7GQEgZ,이과대학,자연과학,1,정원내신입학,졸업,물리학과,양자광학전공,AAEVfpRfGLiK/c12ougxtvee,korean,석·박사통합과정,2019,1R,19920730,2021,2R,4.39,13,122350000,38,60,자교,,1568590
160,160,5235,AAEz+K566cMa8j4D0zzP6cZL,이과대학,자연과학,1,정원내신입학,졸업,물리학과,고체물리학전공,AAHNywZa5KuyqeHEowWtm9cL,korean,석·박사통합과정,2019,1R,19880309,2021,2R,3.75,13,93500000,38.5,58,타교,,1198718
161,161,5237,AAEBO3kHJ6kx/szY7HXHp+rX,이과대학,자연과학,1,정원내신입학,졸업,화학과,유기화학전공,AAFB7thmJVqSI92XpAo42Phl,korean,석·박사통합과정,2018,2R,19940218,2021,2R,4.24,13,72410000,35,42,자교,,928333
162,162,5265,AAHTOufEir0mLzaWMedFQFU0,의과대학,자연과학,1,정원내신입학,졸업,의과학과,의생명과학전공,AAHxQ1hQVwWlLXTencZd1BX0,korean,석·박사통합과정,2019,1R,19901111,2021,2R,4.14,11,84200000,35.7,37,타교,,1275758
163,163,5271,AAGzwYQ37yKN+07nl0sh9sh7,경영대학,인문·사회,1,정원내신입학,졸업,경영학과,회계학전공,AAFUskYfXs18x56mDz1cSsZn,korean,석·박사통합과정,2019,2R,19850909,2021,2R,4.39,11,15600000,38.8,56,자교,,236364
164,164,5277,AAG24YwTUc3DuTvV3HN7i6c2,이과대학,자연과학,1,정원내신입학,졸업,화학과,고분자화학전공,AAF0qXezmiAbARO18bGcQ7bI,korean,석·박사통합과정,2020,1R,19881125,2021,2R,3.84,11,132016000,46,48.5,자교,,2000242
165,165,5284,AAHaxeFLaCJqAlvn5ns7G1gE,의과대학,자연과학,1,정원내신입학,졸업,의과학과,의생명과학전공,AAG3qKWSE1FFL5Z5/gHBKI/5,korean,석·박사통합과정,2018,1R,19881113,2021,2R,4.33,13,88040000,38.6,42.3,타교,,1128718
166,166,5285,AAGl5S3WLlH76LMW2h5YMCke,의과대학,자연과학,2,정원내신입학,졸업,의과학과,의생명과학전공,AAHzpx1p8EfDMr+T62A8GHGA,korean,석·박사통합과정,2018,1R,19910927,2021,2R,4.14,13,57900000,41,39.3,타교,,742308
167,167,5300,AAEWDibFZ80LAUD/22WzNct5,의과대학,자연과학,2,외국인,졸업,의과학과,의생명과학전공,AAHDSMD+yP/Lx/iQ/sK7JN3a,foreigner,석·박사통합과정,2019,1R,19910428,2021,2R,4.08,11,85900000,85,,타교,,1301515
168,168,5306,AAE13fsGwmtNEZMsFWehLpWN,정보대학,공학,2,정원내신입학,졸업,뇌공학과,뇌공학전공,AAFLXiapCRRbBvxf4mUmKRYR,korean,석·박사통합과정,2019,2R,19920320,2021,2R,4.35,10,118275218,50,46,타교,,1971254
169,169,5309,AAE1HqqmBgydPKT05qnKYMU5,정보대학,공학,1,정원내신입학,졸업,컴퓨터학과,소프트웨어전공,AAGoCHZwiePFcGa9VMEqyZO9,korean,석·박사통합과정,2019,1R,19931222,2021,2R,4.44,11,94033939,49,49,자교,,1424757
170,170,5318,AAFd/V1lAp1V6t7Z0Nxi1BD5,이과대학,자연과학,1,정원내신입학,졸업,물리학과,비선형동력학 및 생물물리학전공,AAF5cLSeFPDQKyLoD6YCm1zg,korean,석·박사통합과정,2019,2R,19920403,2021,2R,4.05,11,102463230,40,50,자교,,1552473
171,171,5323,AAHycUCXtFSb1/2tlJWUNLwx,이과대학,자연과학,2,정원내신입학,졸업,화학과,유기화학전공,AAGo9rBbww79qUMN3dh1Tg2K,korean,석·박사통합과정,2020,1R,19920629,2021,2R,3.68,11,100062000,38,41.5,타교,,1516091
172,172,5324,AAF6Vn82/6CafE7aj7evipSh,생명과학대학,자연과학,1,정원내신입학,졸업,생명공학과,분자생체공학전공,AAG4SpLeg0KMYB0wAsJNR1ow,korean,석·박사통합과정,2018,1R,19891014,2021,2R,4.37,13,36640000,48,46.9,자교,,469744
173,173,5330,AAFANaz4EEk0m49RbB+WY5AN,공과대학,공학,1,정원내신입학,졸업,건축사회환경공학과,사회인프라전공,AAGrzQY08cilgBg2Vakpt/nx,korean,석·박사통합과정,2018,1R,19920202,2021,2R,4.05,13,183911348,47,45.67,자교,,2357838
174,174,5331,AAHH+IEVwxomDbKvVZVDv9NR,공과대학,공학,1,정원내신입학,졸업,건축사회환경공학과,사회인프라전공,AAHc+0P1uuuM9uwKFqwm5JxB,korean,석·박사통합과정,2018,1R,19921231,2021,2R,4.37,13,192235000,45,41.33,자교,,2464551
175,175,5333,AAGrNObw6MtwEXWbeFCBRNoJ,공과대학,공학,1,정원내신입학,졸업,전기전자공학과,반도체 및 나노전공,AAFAdiRzimzpkLB6/eFLLRaK,korean,석·박사통합과정,2020,1R,19960130,2021,2R,4.36,9,81600200,48.3,48.6,자교,,1511115
176,176,5338,AAH4BSIZBP/vAgkL+MqvTIHx,생명과학대학,자연과학,2,외국인,졸업,식물생명공학과,식물 유전 공학 전공,AAGxQXkQ58ix3nRr8wBfpEFD,foreigner,석·박사통합과정,2019,2R,19930417,2021,2R,4.5,10,71620000,98,,타교,,1193667
177,177,5339,AAGWsD8Y81VDoHkY3Y1507m/,생명과학대학,자연과학,1,외국인,졸업,식물생명공학과,식물 유전 공학 전공,AAGxQXkQ58ix3nRr8wBfpEFD,foreigner,석·박사통합과정,2019,2R,19930414,2021,2R,4.5,10,61490000,99,,타교,,1024833
178,178,5356,AAH8RkVQl97awW9RQkppIaPN,의과대학,자연과학,2,정원내신입학,졸업,의과학과,의생명과학전공,AAFZN7QRRXoGyvP+pJZuQhuw,korean,석·박사통합과정,2020,2R,19920603,2021,2R,4.14,8,36800000,37,38.67,타교,,766667
179,179,5357,AAE1WKJAkFOYBBwoBdxEuKXw,보건과학대학,자연과학,1,정원내신입학,졸업,보건과학과,환경보건학전공,AAGOovrVcNz2VQ60TLb+twag,korean,석·박사통합과정,2018,1R,19870803,2021,2R,4.14,13,170631586,41.3,40.3,타교,,2187584
180,180,5369,AAFHBDv5pTkMBOaGEgOZO80d,공과대학,공학,1,정원내신입학,졸업,산업경영공학과,산업경영공학전공,AAF5ukSjmVhKqW326vTF81ef,korean,석·박사통합과정,2019,2R,19910928,2021,2R,4.14,10,76334676,40.33,41.67,타교,,1272245
181,181,5373,AAEqyX0CrFXWwEu3KcWbOoUo,공과대학,공학,1,정원내신입학,졸업,전기전자공학과,통신 및 네트워크전공,AAEssPEiUNe/wYugrxd+fnX2,korean,석·박사통합과정,2019,1R,19911201,2021,2R,4.17,11,135890407,39.3,38.2,자교,,2058946
182,182,5383,AAF/wlrjPitSoDkBHcKJXSD5,보건과학대학,자연과학,2,학연산협동과정,졸업,의생명융합과학과,임상병리학전공,AAHWkyOWoBDEBjZH1TNXQnXj,korean,석·박사통합과정,2019,2R,19930215,2021,2R,4.11,10,7500000,37,48,타교,,125000
183,183,5384,AAF8P6pedx6PvcMsFC6w6dM6,보건과학대학,공학,2,정원내신입학,졸업,바이오융합공학과,바이오융합공학전공,AAFs9+l6a/a8qr925OtyHe9U,korean,석·박사통합과정,2019,2R,19930510,2021,2R,4.05,10,102568000,46,41,자교,,1709467
184,184,5385,AAGA/rH260HMRqDTz+4sSNz8,정보대학,공학,1,정원내신입학,졸업,컴퓨터학과,소프트웨어전공,AAFhFZgfCHdQkb82RLLU/geO,korean,석·박사통합과정,2019,2R,19880222,2021,2R,4.39,10,129930000,49.4,48.6,타교,,2165500
185,185,5416,AAEBDkczcDsa4Lera/BgIKCz,법과대학,인문·사회,1,정원내신입학,졸업,법학과,지적재산권법전공,AAGxdRvbQkm+4SDTFodzGz3y,korean,석·박사통합과정,2021,1R,19711125,2021,2R,4.5,7,,33.1,55,자교,,0
186,186,5417,AAHxxwqJcdryk8VeKdG+Vauu,생명과학대학,자연과학,2,정원내신입학,졸업,생명과학과,생화학전공,AAFCs6risgpKldWv4DMEijrV,korean,석·박사통합과정,2019,1R,19921003,2021,2R,4.31,11,61990000,49,47.8,자교,,939242
187,187,5419,AAGXI90OCBVd0zEtCjPHYkrF,공과대학,공학,1,정원내신입학,졸업,신소재공학과,신소재공학전공,AAFrKRhc4pBNk+lwpuzAzJxf,korean,석·박사통합과정,2019,2R,19910930,2021,2R,4.22,10,114666000,58,37,자교,,1911100
188,188,5420,AAFfAaecte53tg8tLAIGhQkd,공과대학,공학,1,정원내신입학,졸업,신소재공학과,신소재공학전공,AAG/JVT6xluE6DbNm+mre8iq,korean,석·박사통합과정,2019,1R,19900801,2021,2R,4.18,11,87655000,53,34,자교,,1328106
189,189,5436,AAGiVTRMlx5iPG1sKIHij/sL,의과대학,자연과학,2,정원내신입학,졸업,의과학과,의생명과학전공,AAFNsWx/tG20MskixpMFJzte,korean,석·박사통합과정,2018,2R,19900521,2021,2R,4.19,12,132700000,45.7,47,타교,,1843056
190,190,5437,AAHx/Of3A2hlmZwdh8vR7Ifg,의과대학,자연과학,2,정원내신입학,졸업,의과학과,의생명과학전공,AAGoJfVvGfNEJItB01cbjNOs,korean,석·박사통합과정,2018,2R,19890731,2021,2R,4,12,116400000,46.7,45.3,타교,,1616667
191,191,5438,AAHMl4gG13b7uplXTMw+CIJn,의과대학,자연과학,2,외국인,졸업,의과학과,의생명과학전공,AAE8l4A/Yi6tn50GJ0JwUvik,foreigner,석·박사통합과정,2018,2R,19910111,2021,2R,4.31,12,108000000,95,,타교,,1500000
192,192,5456,AAEsECbwpi+INupmZ8eJeKiC,공과대학,공학,2,정원내신입학,졸업,신소재공학과,신소재공학전공,AAE4RWtRb5Aywzq18+9py2WY,korean,석·박사통합과정,2018,2R,19920430,2021,2R,4.14,12,95420000,59,40,타교,,1325278
193,193,5459,AAHIh3wpbue1KCJcKUwt7CTL,정경대학,인문·사회,1,정원내신입학,졸업,통계학과,수리통계학전공,AAFByAeboAfDls9tYCKfCcfP,korean,석·박사통합과정,2020,2R,19900923,2021,2R,4.39,9,49790000,46,46.3,자교,,922037
194,194,5468,AAEbrWe2ggd60Pp9Oibob+8/,생명과학대학,자연과학,1,정원내신입학,졸업,환경생태공학과,생물재료공학전공,AAEiUBHWTaydfuUlbPpdXZPj,korean,석·박사통합과정,2019,1R,19931027,2021,2R,4.38,11,144000465,48,48.67,자교,,2181825
195,195,5491,AAEn+M/kKNqtW6ru9vuhITKv,공과대학,공학,2,정원내신입학,졸업,마이크로/나노시스템협동과정,마이크로/나노시스템협동과정전공,AAFj8wKRZTXkoQ3FcBubZYe+,korean,석·박사통합과정,2018,1R,19881101,2021,2R,4.06,13,101615000,43,45,타교,,1302756
196,196,5510,AAFlUSjzpQ04dUXdqqfSfrBi,생명과학대학,자연과학,2,정원내신입학,졸업,생명공학과,분자생체공학전공,AAGHKhtTRVM2izkG1lKId0XM,korean,석·박사통합과정,2020,1R,19940706,2021,2R,4.43,9,112970000,42,47.6,자교,,2092037
197,197,5519,AAGeKweYchptOlofKGfz4qZA,의과대학,자연과학,2,외국인,졸업,의과학과,의생명과학전공,AAHxQ1hQVwWlLXTencZd1BX0,foreigner,석·박사통합과정,2019,2R,19920105,2021,2R,4.11,10,93500000,85,,타교,,1558333
198,198,5537,AAGZCUkzXrcWvF+zyA0aexoX,공과대학,공학,1,정원내신입학,졸업,기계공학과,기계공학전공,AAGMb99a8ba3R0Wqe3C95yqe,korean,석·박사통합과정,2018,1R,19900314,2021,2R,4.33,13,178480511,49.5,49.5,자교,,2288212
199,199,5540,AAGOo0g0uyiPs2QAOOKcsWTj,공과대학,공학,1,정원내신입학,졸업,화공생명공학과,화공생명공학전공,AAEgg9xAPbUzkzqGsSdbE/vh,korean,석·박사통합과정,2019,1R,19930405,2021,2R,4.21,11,125583043,60,37.1,자교,,1902773
200,200,5571,AAG/y18WS4SwKmWB+MsWSLYa,정보대학,공학,1,정원내신입학,졸업,컴퓨터·전파통신공학과,전파통신공학전공,AAGx+syfEJz2i7IEqqI92pvU,korean,석·박사통합과정,2019,1R,19910713,2021,2R,4.39,11,72170000,44,44,자교,,1093485